{"count":1,"gauges":{},"self":11.9108032,"total":12.804416,"children":{"AgentResetIfDone":{"count":628,"self":0.0019935,"total":0.0019935,"children":null},"AgentSendState":{"count":628,"self":0.0159994,"total":0.0411907,"children":{"CollectObservations":{"count":628,"self":0.0251913,"total":0.0251913,"children":null}}},"DecideAction":{"count":628,"self":0.8414303,"total":0.8414303,"children":null},"AcademyStep":{"count":628,"self":0.0019982999999999997,"total":0.0019982999999999997,"children":null},"AgentAct":{"count":628,"self":0.0050006,"total":0.0050006,"children":null}}}