{"count":1,"gauges":{},"self":59.082246399999995,"total":62.9607153,"children":{"AgentResetIfDone":{"count":3125,"self":0.0159818,"total":0.0159818,"children":null},"AgentSendState":{"count":3125,"self":0.08992159999999999,"total":0.21385269999999998,"children":{"CollectObservations":{"count":3125,"self":0.12393109999999999,"total":0.12393109999999999,"children":null}}},"DecideAction":{"count":3125,"self":3.621648,"total":3.621648,"children":null},"AcademyStep":{"count":3125,"self":0.0059927999999999995,"total":0.0059927999999999995,"children":null},"AgentAct":{"count":3125,"self":0.019992199999999998,"total":0.019992199999999998,"children":null}}}