{"count":1,"gauges":{},"self":22.568392,"total":24.0251427,"children":{"AgentResetIfDone":{"count":1157,"self":0.0039959999999999996,"total":0.0039959999999999996,"children":null},"AgentSendState":{"count":1157,"self":0.036983499999999996,"total":0.080951,"children":{"CollectObservations":{"count":1157,"self":0.0439675,"total":0.0439675,"children":null}}},"DecideAction":{"count":1157,"self":1.3608099999999999,"total":1.3608099999999999,"children":null},"AcademyStep":{"count":1157,"self":0,"total":0,"children":null},"AgentAct":{"count":1157,"self":0.0089949,"total":0.0089949,"children":null}}}