{"count":1,"gauges":{},"self":29.874380799999997,"total":31.8300804,"children":{"AgentResetIfDone":{"count":1550,"self":0.005998,"total":0.005998,"children":null},"AgentSendState":{"count":1550,"self":0.0459752,"total":0.0999596,"children":{"CollectObservations":{"count":1550,"self":0.053984399999999995,"total":0.053984399999999995,"children":null}}},"DecideAction":{"count":1550,"self":1.8367504,"total":1.8367505,"children":null},"AcademyStep":{"count":1550,"self":0.0009991,"total":0.0009991,"children":null},"AgentAct":{"count":1550,"self":0.0109944,"total":0.0109944,"children":null}}}