{"count":1,"gauges":{},"self":39.2340896,"total":41.8862646,"children":{"AgentResetIfDone":{"count":2052,"self":0.0159815,"total":0.0159815,"children":null},"AgentSendState":{"count":2052,"self":0.0549591,"total":0.1268929,"children":{"CollectObservations":{"count":2052,"self":0.071933799999999992,"total":0.071933799999999992,"children":null}}},"DecideAction":{"count":2052,"self":2.4893148,"total":2.4893147,"children":null},"AcademyStep":{"count":2052,"self":0.0039981,"total":0.0039981,"children":null},"AgentAct":{"count":2052,"self":0.014987599999999998,"total":0.014987599999999998,"children":null}}}